sequence,osm_node_id,latitude,longitude,distance_from_south_end_m,next_edge_osm_way_id
0,726290714,35.4874901,136.6594582,0.0,58639714
1,726429260,35.4877174,136.659334,27.66,58639714
2,726085933,35.4880001,136.6589593,73.91,58639714
3,726187033,35.4883728,136.6588545,116.43,58639714
4,726469682,35.4889803,136.6589234,184.27,58639714
5,725996330,35.4893467,136.6589138,225.02,58639714
6,725989551,35.4896769,136.6589799,262.22,58639714
7,726079865,35.4900748,136.6592592,313.18,58639714
8,726306868,35.4905912,136.6595975,378.26,58639714
9,726456850,35.4909341,136.6597761,419.67,58639714
10,726321428,35.4911826,136.6599236,450.36,58639714
11,726487068,35.491494,136.66008,487.77,58639714
12,726098793,35.4917137,136.6602754,517.94,58639714
13,726204464,35.492017,136.6604803,556.43,58639714
14,726193783,35.4922838,136.6605676,587.13,58639714
15,726313610,35.4924957,136.6606941,613.33,58639714
16,726002818,35.4928014,136.6607509,647.71,58639714
17,726092320,35.493133,136.6607631,684.59,58639714
18,5599897162,35.493516,136.6607279,727.3,58639714
19,726105746,35.4941742,136.6605689,801.89,58639714
20,726334495,35.4945894,136.6603066,853.81,58639714
21,725923663,35.4949078,136.6600593,895.7,58639714
22,726501680,35.4951961,136.6598056,935.13,58639714
23,726009238,35.4954359,136.6596011,967.6,58639714
24,726215428,35.4957198,136.6593929,1004.36,58639714
25,726328366,35.4961298,136.6591183,1056.29,58639714
26,726236937,35.4964698,136.6587585,1106.19,58639714
27,726345092,35.4968736,136.6586019,1153.28,58639714
28,726028875,35.4970756,136.6585164,1177.04,58639714
29,726119428,35.4974325,136.6583207,1220.5,58639714
30,726112300,35.4976419,136.6577643,1275.99,58639714
31,726224377,35.4977773,136.6574199,1310.61,58639714
32,725930244,35.4979749,136.6571289,1344.92,58639714
33,726022636,35.4981971,136.6570385,1370.94,58639714
34,726123097,35.4984037,136.6569777,1394.57,58639714
35,5599897166,35.4986922,136.6568927,1427.56,58639714
36,726381202,35.4994049,136.656783,1507.42,58639714
37,726138183,35.4997774,136.6568135,1548.94,58639714
38,726252854,35.5001643,136.6569266,1593.16,58639714
39,726365852,35.5006123,136.6569715,1643.14,58639714
40,726039966,35.5009901,136.657084,1686.37,58639714
41,726130424,35.5012869,136.6572174,1721.51,58639714
42,726054097,35.5015328,136.6573344,1750.83,58639714
43,726147097,35.5018693,136.6574771,1790.42,58639714
44,726407912,35.5022104,136.6577182,1834.18,58639714
45,725962186,35.5025272,136.6579204,1873.87,58639714
46,725955377,35.5028939,136.6581029,1917.87,58639714
47,726047745,35.5032252,136.6584029,1963.64,58639714
48,726268715,35.5036665,136.6586412,2017.24,58639714
49,726394815,35.5040635,136.6588515,2065.31,58639714
50,726287486,35.504397,136.6589788,2104.14,58639714
51,726422980,35.5046824,136.6592542,2144.5,58639714
52,726066901,35.5050005,136.659416,2182.78,58639714
53,726165222,35.5053883,136.6596392,2230.4,58639714
54,726155102,35.5055713,136.6595897,2251.24,58639714
55,726277335,35.5057128,136.6596442,2267.73,58639714
56,726060758,35.50622,136.659712,2324.46,58626364
57,726479699,35.506324,136.659773,2337.28,58626364
58,726096439,35.506528,136.659856,2361.17,58626364
59,726201695,35.506691,136.659915,2380.07,58626364
60,726191577,35.506843,136.65996,2397.45,58626364
61,726311021,35.507052,136.660025,2421.42,58626364
62,726264429,35.507284,136.660068,2447.51,58633918
63,726388547,35.507469,136.660122,2468.66,58633918
64,726281995,35.50776,136.660189,2501.58,58633918
65,726416332,35.508029,136.6602,2531.51,58633918
66,726063979,35.508186,136.660159,2549.35,58633918
67,726160709,35.508357,136.660104,2569.01,58633918
68,5599914393,35.5084094,136.6600808,2575.2,58633918
69,726150907,35.508658,136.659971,2604.58,58633918
70,726273892,35.508741,136.659934,2614.4,58633918
71,725965664,35.509032,136.659796,2649.08,58633918
72,726057367,35.509266,136.659681,2677.11,58633918
73,725980309,35.509464,136.659543,2702.42,58633918
74,726070276,35.509799,136.659222,2749.66,58633918
75,726297791,35.5102808,136.658809,2814.99,58633918
76,726429969,35.5104091,136.658695,2832.6,58633918
77,725971843,35.5106096,136.658365,2869.87,58633918
78,726170704,35.5107023,136.658115,2894.73,58633918
79,726291214,35.5106994,136.657875,2916.46,58633918
80,726184590,35.5106451,136.657679,2935.2,58633918
81,726304118,35.510526,136.657444,2960.26,58633918
82,725993725,35.510454,136.657212,2982.73,58633918
83,726083453,35.510418,136.657095,2994.05,58633918
84,726077268,35.510303,136.656746,3028.13,58633918
85,726178315,35.510256,136.656605,3041.92,58633918
86,726451665,35.51025,136.656585,3043.85,58633918
87,725986975,35.51012,136.656186,3082.75,58633918
88,726205043,35.509916,136.655687,3133.29,58633918
89,726321867,35.509907,136.655667,3135.36,58633918
90,726009851,35.509798,136.655379,3164.11,58633918
91,726099568,35.509606,136.654872,3214.72,58633918
92,726092727,35.509532,136.654512,3248.33,58633918
93,726194480,35.509528,136.654486,3250.73,58633918
94,726488118,35.509534,136.654064,3288.93,58633918
95,726003214,35.509613,136.653756,3318.16,58633918
96,725924117,35.50962,136.653746,3319.35,58633918
97,726016797,35.509792,136.653513,3347.83,58633918
98,726225070,35.510056,136.6532,3388.62,58633918
99,726335006,35.510414,136.652888,3437.43,58633918
100,726328744,35.510686,136.652585,3478.26,58633918
101,726502351,35.51091,136.652323,3512.65,58633918
102,725978320,35.511054,136.652199,3532.2,58639175
103,726176398,35.51113,136.652134,3542.5,58639175
104,726295758,35.511394,136.652026,3573.44,58639175
105,726189152,35.51142,136.652015,3576.5,58639175
106,726308688,35.511718,136.652001,3609.66,58639175
107,725998360,35.511979,136.65202,3638.73,58639175
108,726087634,35.512218,136.652076,3665.79,58639175
109,726081562,35.512482,136.652139,3695.69,58639175
110,726182496,35.512673,136.652188,3717.39,58639175
111,726460071,35.512862,136.652236,3738.85,58639175
112,725991657,35.513183,136.652268,3774.66,58639175
113,726490922,35.513255,136.652271,3782.67,58639175
114,726004621,35.513518,136.652281,3811.93,58639175
115,726208443,35.513843,136.652236,3848.29,58639175
116,726323821,35.514148,136.652084,3884.89,58639175
117,726315695,35.514211,136.652049,3892.58,58639175
118,726473131,35.514231,136.652038,3895.02,58639175
119,726093974,35.514554,136.651859,3934.42,58639175
120,726197237,35.515098,136.651491,4003.47,58639175
121,726327090,35.515829,136.650977,4097.13,58639175
122,726498992,35.516041,136.650784,4126.47,58639175
123,726104614,35.51622,136.650577,4153.8,58639175
124,726157402,35.516273,136.650469,4165.22,58638216
125,726250227,35.516399,136.650214,4192.21,58638216
126,726360779,35.516544,136.649874,4226.96,58638216
127,726054794,35.516697,136.649406,4272.6,58638216
128,726147889,35.516835,136.648818,4327.99,58638216
129,726409616,35.516902,136.648363,4369.84,58638216
130,725962951,35.516917,136.648129,4391.08,58638216
131,725956346,35.516908,136.648054,4397.94,58638216
132,726048552,35.516872,136.647724,4428.08,58638216
133,726270660,35.516857,136.647348,4462.15,58638216
134,726396307,35.516887,136.646838,4508.43,58638216
135,726288295,35.516954,136.646393,4549.38,58638216
136,726424546,35.517017,136.646131,4574.11,58638216
137,726067632,35.517129,136.645671,4617.57,58638216
138,726166116,35.517397,136.644923,4691.53,58638216
139,726460590,35.517566,136.644627,4724.26,58631868
140,726087934,35.517729,136.644344,4755.63,58631868
141,726189464,35.51794,136.644026,4792.77,58631868
142,726182794,35.517982,136.643963,4800.14,58631868
143,726302429,35.518377,136.643595,4855.26,58631868
144,725991953,35.518727,136.643187,4908.91,58631868
145,726081866,35.519171,136.642718,4974.02,58631868
146,726004924,35.519663,136.642162,5048.35,58631868
147,726094288,35.520043,136.641749,5104.76,58631868
148,726324118,35.520076,136.641722,5109.17,58631868
149,726491790,35.520386,136.641473,5150.35,58631868
150,726473879,35.520647,136.641377,5180.65,58631868
151,725998675,35.520784,136.641363,5195.93,58631868
152,726197587,35.521232,136.641372,5245.76,58631868
153,726316100,35.521609,136.64146,5288.43,58631868
154,726219328,35.521981,136.641547,5330.53,58631868
155,726330300,35.522417,136.64168,5380.49,58631868
156,726018382,35.522916,136.641859,5438.29,58631868
157,726107717,35.523185,136.642019,5471.52,58631868
158,726101191,35.523363,136.642125,5493.52,58631868
159,726209009,35.523773,136.642405,5545.67,58631868
160,725919464,35.523833,136.642453,5553.64,58631868
161,726011796,35.523939,136.642537,5567.66,58631868
162,726247610,35.524075,136.642644,5585.62,58631868
163,726356003,35.524384,136.643035,5634.94,58631868
164,726034000,35.524477,136.643191,5652.44,58631868
165,726124968,35.52471,136.643642,5700.78,58631868
166,726117426,35.524731,136.643682,5705.09,58631868
167,726234085,35.524936,136.644091,5748.56,58631868
168,725935596,35.525066,136.644413,5781.09,58631868
169,726050420,35.525164,136.644729,5811.69,58637366
170,726141072,35.525204,136.644858,5824.19,58637366
171,726400285,35.525409,136.64546,5883.24,58637366
172,725958600,35.525621,136.646002,5937.66,58637366
173,726428800,35.525785,136.646402,5978.19,58637366
174,725971237,35.525908,136.646677,6006.59,58637366
175,726169894,35.526128,136.647058,6048.87,58637366
176,726290433,35.52637,136.647398,6089.74,58637366
177,726281062,35.526444,136.647489,6101.38,58637366
178,726414716,35.526758,136.647876,6150.84,58637366
179,726063391,35.526963,136.648151,6184.59,58637366
180,726160013,35.527093,136.648326,6206.03,58637366
181,726076674,35.527584,136.648864,6279.18,58637366
182,726177710,35.527764,136.649061,6305.98,58637366
183,726450350,35.528008,136.649327,6342.25,58637366
184,725986346,35.528129,136.64946,6360.31,58637366
185,725979716,35.528431,136.649699,6400.25,58637366
186,726069612,35.52861,136.649773,6421.25,58637366
187,726297140,35.528897,136.649796,6453.23,58637366
188,726440342,35.529074,136.649789,6472.92,58637366
189,726310011,35.529288,136.649782,6496.73,58637366
190,726462528,35.529303,136.64978,6498.4,58637366
191,726089012,35.530399,136.649617,6621.16,58637366
192,726190516,35.530894,136.649497,6677.26,58637366
193,726183844,35.531528,136.649295,6750.09,58637366
194,726303507,35.531874,136.649171,6790.17,58637366
195,726338493,35.532024,136.649093,6808.28,58630952
196,725926944,35.532165,136.649019,6825.33,58630952
197,725920277,35.532467,136.648776,6865.47,58630952
198,726012571,35.532739,136.648542,6902.39,58630952
199,726220271,35.532847,136.648427,6918.28,58630952
200,726331075,35.533014,136.648193,6946.44,58630952
201,725930193,35.533227,136.647853,6985.27,58630952
202,726022586,35.53333,136.647718,7002.02,58630952
203,726236832,35.533377,136.647657,7009.62,58630952
204,726345005,35.533987,136.646865,7108.29,58630952
205,726334445,35.534259,136.646539,7150.54,58630952
206,725923612,35.534519,136.646201,7192.63,58630952
207,726112243,35.53455,136.646162,7197.56,58630952
208,726224323,35.534706,136.645914,7225.92,58630952
209,726126355,35.534852,136.645551,7262.56,58630952
210,726249005,35.534861,136.645522,7265.37,58630952
211,725944093,35.534956,136.645244,7292.65,58630952
212,726035158,35.535157,136.644536,7360.51,58630952
213,726028824,35.535321,136.643994,7412.83,58630952
214,726119274,35.535641,136.643116,7499.88,58630952
215,726358687,35.535738,136.642851,7526.17,58630952
216,725936775,35.535881,136.642446,7566.12,58630952
217,726387594,35.535891,136.642419,7568.8,58630952
218,725951614,35.53604,136.642042,7606.73,58630952
219,726141251,35.536406,136.641528,7668.53,58630952
220,726270559,35.5366611,136.6413289,7702.13,58633805
221,726489475,35.53699,136.640963,7751.47,58633805
222,726003839,35.537486,136.640467,7822.57,58633805
223,725997717,35.537926,136.640113,7881.05,58633805
224,726086963,35.538298,136.639879,7927.52,58633805
225,726314750,35.538723,136.639713,7977.11,58633805
226,726471711,35.539062,136.639657,8015.14,58633805
227,726329347,35.539245,136.639626,8035.68,58633805
228,726504654,35.539811,136.639474,8100.1,58633805
229,726106774,35.540311,136.639314,8157.55,58633805
230,726217351,35.540747,136.639162,8207.95,58633805
231,726206933,35.541276,136.63885,8273.19,58633805
232,726322550,35.541913,136.638436,8353.32,58633805
233,726010737,35.542274,136.638179,8399.71,58633805
234,726100186,35.542616,136.637831,8449.08,58633805
235,726113312,35.543031,136.637407,8509.09,58633805
236,726347786,35.543374,136.636957,8564.88,58633805
237,725931400,35.543713,136.636507,8620.36,58633805
238,726017408,35.5438596,136.6363305,8643.18,58633805
239,726226800,35.5440171,136.6360396,8674.8,58633805
240,726335713,35.5441598,136.6355287,8723.67,58633805
241,726250146,35.544193,136.63529,8745.58,58633805
242,726360616,35.5442229,136.6349919,8772.75,58633805
243,726036448,35.5443661,136.6347099,8802.83,58633805
244,726127622,35.5445144,136.6345549,8824.48,58633805
245,726120640,35.5447095,136.6343398,8853.62,58633805
246,726239664,35.5448926,136.6341892,8878.12,58633805
247,725937841,35.5451665,136.6339944,8913.31,58633805
248,726029864,35.5455513,136.6339078,8956.81,58633906
249,726431367,35.5460108,136.6340724,9010.03,58633906
250,726418167,35.5462123,136.6341369,9033.18,58633906
251,725966491,35.546519,136.634211,9067.94,58633906
252,726162102,35.547163,136.634248,9139.62,58633906
253,726282996,35.547521,136.634302,9179.73,58633906
254,726179061,35.547931,136.634403,9226.23,58633906
255,726298526,35.548203,136.634532,9258.65,58633906
256,725987863,35.54849,136.634716,9294.64,58633906
257,726078032,35.548967,136.635028,9354.72,58633906
258,726071251,35.549284,136.63529,9397.2,58633906
259,726172288,35.549597,136.635552,9439.31,58633906
260,726442457,35.549816,136.635818,9473.54,58633906
261,725981062,35.550047,136.636099,9509.68,58633906
262,726465049,35.550279,136.63642,9548.53,58633906
263,725994577,35.550458,136.636773,9586.16,58633906
264,726192017,35.550606,136.637196,9627.81,58633906
265,726311741,35.550789,136.637835,9689.1,58633906
266,726305083,35.550851,136.638129,9716.58,58633906
267,726453030,35.550901,136.638367,9738.82,58633906
268,726084201,35.550964,136.6389,9787.54,58633906
269,726185340,35.551005,136.639401,9833.09,58633906
270,726504929,35.551188,136.640237,9911.42,58633906
271,726010895,35.551263,136.640531,9939.29,58633906
272,726217919,35.551251,136.640682,9953.02,58633906
273,726329487,35.55121,136.640871,9970.71,58633906
274,726323054,35.551132,136.641224,10003.8,58633906
275,726489663,35.550923,136.642152,10090.91,58633906
276,726100350,35.550923,136.642155,10091.19,58633906
277,726207228,35.550819,136.642524,10126.52,58633906
278,726113523,35.550752,136.642787,10151.45,58633906
279,726227132,35.550662,136.643139,10184.83,58633906
280,725931544,35.550573,136.643475,10216.8,58633906
281,726023799,35.550562,136.643764,10242.97,58633906
282,726017550,35.55061,136.644136,10277.04,58633906
283,726106912,35.550741,136.644633,10324.31,58633906
284,726335855,35.550849,136.645083,10366.75,58633906
285,725925188,35.550893,136.645198,10378.25,58633906
286,726360889,35.551057,136.645624,10420.89,58633906
287,725937984,35.551292,136.646098,10471.1,58633906
288,726127941,35.5513,136.64611,10472.51,58633906
289,726250303,35.551445,136.646336,10498.54,58633906
290,726239970,35.55162,136.646442,10520.24,58633906
291,726348261,35.551825,136.646488,10543.41,58633906
292,726030010,35.552105,136.646492,10574.55,58633906
293,726120790,35.552436,136.646456,10611.5,58633906
294,726045396,35.552619,136.646401,10632.44,58633906
295,726135997,35.552809,136.646291,10655.8,58633906
296,726390229,35.552924,136.646166,10672.87,58633906
297,725953033,35.55301,136.646024,10688.88,58633906
298,725945942,35.553129,136.645762,10716.03,58633906
299,726036621,35.553179,136.645623,10729.78,58633906
300,726258164,35.553234,136.645468,10745.07,58633906
301,726375797,35.553439,136.644908,10800.63,58633906
302,726175350,35.553811,136.644017,10891.23,58633906
303,726294708,35.553975,136.643672,10927.37,58633906
304,725983699,35.554106,136.643498,10948.82,58633906
305,726073899,35.554166,136.643443,10957.14,58633906
306,726067276,35.554258,136.64336,10969.83,58633906
307,726165753,35.554437,136.643217,10993.57,58633906
308,726436547,35.554661,136.643144,11019.34,58633906
309,725977370,35.554941,136.643057,11051.45,58633906
310,726458410,35.555145,136.643011,11074.52,58633906
311,725990549,35.555339,136.642891,11098.67,58633906
312,726188031,35.555439,136.642786,11113.29,58633906
313,726307758,35.555693,136.642455,11154.45,58633906
314,726301190,35.556133,136.641963,11220.59,58633906
315,726446888,35.556476,136.641603,11270.74,58633906
316,726080683,35.556491,136.641587,11272.95,58633906
317,726181574,35.556681,136.641408,11299.57,58633906
318,726093081,35.557098,136.641114,11353.03,58633906
319,726194943,35.557493,136.640751,11407.87,58633906
320,726489009,35.557784,136.640477,11448.63,58633906
321,726003606,35.557791,136.640471,11449.57,58633906
322,725997485,35.558048,136.640282,11482.88,58633906
323,726086728,35.558193,136.640177,11501.59,58633906
324,726314466,35.558499,136.640039,11537.83,58633906
325,726471205,35.55889,136.63986,11584.23,58633906
326,725958987,35.559079,136.639752,11607.4,58635712
327,726150624,35.559188,136.63969,11620.76,58635712
328,726273444,35.559367,136.639621,11641.62,58635712
329,726263927,35.559635,136.639584,11671.6,58635712
330,726387989,35.559822,136.639502,11693.68,58635712
331,726050783,35.56,136.639379,11716.39,58635712
332,726141461,35.560056,136.639341,11723.5,58635712
333,726435309,35.560082,136.639314,11727.28,58635712
334,725976602,35.560329,136.639051,11763.62,58635712
335,726174623,35.560552,136.638748,11800.58,58635712
336,726293941,35.560712,136.638564,11824.94,58635712
337,726286658,35.560854,136.638491,11842.06,58635712
338,726422469,35.560969,136.638486,11854.85,58635712
339,726066652,35.561364,136.638509,11898.83,58635712
340,726164448,35.561681,136.638509,11934.08,58635712
341,726079998,35.561998,136.638477,11969.44,58635712
342,726180941,35.562146,136.638446,11986.14,58635712
343,725994580,35.562218,136.638431,11994.26,58627309
344,726084203,35.562333,136.63833,12009.97,58627309
345,726311743,35.562368,136.638281,12015.87,58627309
346,726465051,35.562464,136.638142,12032.36,58627309
347,726453034,35.562508,136.638056,12041.55,58627309
348,725987865,35.562646,136.637788,12070.24,58627309
349,726185342,35.562821,136.637347,12114.63,58627309
350,726305085,35.563023,136.637026,12151.34,58627309
351,726202197,35.563123,136.636865,12169.66,58627309
352,726319405,35.563239,136.636727,12187.61,58627309
353,726007504,35.563455,136.636525,12217.79,58627309
354,726097013,35.563801,136.636341,12259.71,58627309
355,726090571,35.563932,136.636273,12275.52,58627309
356,726192019,35.564174,136.636231,12302.7,58627309
357,726481365,35.564304,136.636208,12317.3,58627309
358,726001150,35.564521,136.636144,12342.11,58627309
359,3790834792,35.5646037,136.6360981,12352.2,58627309
360,725921912,35.56477,136.636006,12372.49,58627309
361,726014396,35.565087,136.635795,12412.57,58627309
362,726221972,35.5654,136.635606,12451.35,58627309
363,726332710,35.565821,136.635391,12502.04,58627309
364,726326595,35.566261,136.635271,12552.15,58627309
365,726028109,35.566598,136.635226,12589.85,58626226
366,726117875,35.566641,136.635221,12594.65,58626226
367,726111499,35.566842,136.635212,12617.01,58626226
368,726223173,35.566857,136.635211,12618.68,58626226
369,725929466,35.566918,136.635224,12625.57,58626226
370,726021862,35.567062,136.635253,12641.79,58626226
371,725942659,35.567226,136.635301,12660.54,58626226
372,726034432,35.567375,136.635344,12677.56,58626226
373,726256027,35.567587,136.63545,12703.01,58626226
374,726370232,35.567601,136.635459,12704.76,58626226
375,726356772,35.567732,136.635537,12720.95,58626226
376,725936039,35.567967,136.635629,12748.37,58626226
377,726125456,35.568169,136.635703,12771.81,58626226
378,726248060,35.568541,136.635781,12813.77,58626226
379,726140484,35.568925,136.635882,12857.44,58626226
380,726262907,35.569238,136.635969,12893.12,58626226
381,725958037,35.569417,136.636044,12914.15,58626226
382,726049840,35.569555,136.636102,12930.36,58626226
383,726042935,35.569671,136.63616,12944.29,58626226
384,726132980,35.569935,136.636291,12975.95,58626226
385,726386016,35.57016,136.636393,13002.61,58626226
386,725950779,35.570259,136.636438,13014.35,58626226
387,726299053,35.570389,136.63652,13030.59,58626226
388,726443246,35.570542,136.636649,13051.22,58626226
389,726078530,35.570732,136.636832,13078.06,58626226
390,726179574,35.570886,136.637009,13101.5,58626226
391,726172954,35.570907,136.637034,13104.75,58626226
392,726292502,35.571209,136.637476,13156.96,58626226
393,725981588,35.571265,136.637558,13166.65,58626226
394,726071891,35.571471,136.637869,13202.92,58626226
395,725995152,35.571518,136.637939,13211.13,58626226
396,726084731,35.571727,136.638247,13247.41,58626226
397,726312251,35.571903,136.638466,13275.26,58626226
398,726465980,35.572016,136.638606,13293.09,58626226
399,726454128,35.572118,136.638734,13309.3,58626226
400,725988367,35.572535,136.639188,13371.24,58626226
401,726185852,35.572539,136.639193,13371.87,58626226
402,726305588,35.572841,136.639501,13415.5,58626226
403,726202770,35.57311,136.639689,13449.91,58626226
404,726319951,35.573277,136.639762,13469.62,58626226
405,726008022,35.573385,136.639809,13482.36,58626226
406,726097513,35.573586,136.639873,13505.44,58626226
407,726091093,35.573677,136.639887,13515.64,58626226
408,726192518,35.573862,136.639914,13536.36,58626226
409,726483470,35.57404,136.63993,13556.2,58626226
410,726001672,35.574127,136.639938,13565.9,58626226
411,725922450,35.574268,136.639905,13581.86,58626226
412,726014913,35.574391,136.639818,13597.64,58626226
413,726222698,35.574492,136.639717,13612.12,58626226
414,726333253,35.574525,136.639675,13617.4,58626226
415,726327078,35.574634,136.639537,13634.8,58626226
416,726498965,35.574637,136.639533,13635.29,58626226
417,726104602,35.574883,136.639184,13677.06,58626226
418,726213066,35.57514,136.638813,13721.13,58626226
419,725938491,35.575254,136.638646,13740.85,58626226
420,726030497,35.575289,136.638596,13746.82,58626226
421,726250890,35.575423,136.638366,13772.4,58626226
422,726361776,35.575517,136.638123,13796.74,58626226
423,726349457,35.575666,136.637618,13845.32,58626226
424,725932099,35.57567,136.637599,13847.1,58626226
425,726121349,35.575848,136.636886,13914.55,58626226
426,726240789,35.575867,136.636809,13921.83,58626226
427,726136526,35.576027,136.636267,13973.98,58626226
428,726258669,35.576094,136.635932,14005.18,58626226
429,725953693,35.57615,136.635482,14046.35,58626226
430,726045919,35.576161,136.635197,14072.15,58626226
431,726037843,35.576228,136.634898,14100.2,58626226
432,726128677,35.576251,136.634841,14105.96,58626226
433,726377056,35.576482,136.634251,14165.18,58626226
434,725946527,35.576727,136.633741,14218.74,58626226
435,726404577,35.5771,136.633107,14289.51,58626226
436,725960569,35.577529,136.63245,14365.71,58626226
437,726153028,35.57779,136.631996,14415.99,58626226
438,726275288,35.577972,136.631647,14453.48,58626226
439,726265901,35.578174,136.631376,14486.73,58626226
440,726391317,35.578308,136.631288,14503.62,58626226
441,726052460,35.578338,136.631283,14506.99,58626226
442,726143487,35.578434,136.631265,14517.78,58626226
443,726065261,35.578621,136.631311,14538.99,58626226
444,726162700,35.578755,136.631385,14555.32,58626226
445,726432403,35.578997,136.63155,14586.09,58626226
446,725974353,35.579105,136.631646,14600.91,58626226
447,725966994,35.579176,136.631757,14613.68,58626226
448,726058996,35.579212,136.63184,14622.19,58626226
449,726284228,35.579269,136.631968,14635.39,58626226
450,726419477,35.579369,136.63234,14670.82,58626226
451,725978699,35.579407,136.632454,14681.96,58626226
452,726068586,35.579589,136.633015,14736.58,58626226
453,726296161,35.579738,136.63335,14771.11,58626226
454,726438564,35.579894,136.633668,14804.7,58626226
455,726426869,35.579947,136.633778,14816.26,58626226
456,725970299,35.580019,136.633898,14829.75,58626226
457,726167722,35.580111,136.634053,14847.1,58626226
458,726289380,35.580219,136.634301,14872.54,58626226
459,726182865,35.580379,136.634765,14918.12,58626226
460,726302495,35.580521,136.635118,14953.73,58626226
461,725992021,35.580532,136.635146,14956.55,58626226
462,726081928,35.580631,136.635327,14976.27,58626226
463,726075655,35.580748,136.635541,14999.59,58626226
464,726176781,35.580968,136.635872,15038.25,58626226
465,726448919,35.581098,136.636074,15061.54,58626226
466,725985399,35.581221,136.636209,15079.88,58626226
467,726474005,35.581244,136.636235,15083.35,58626226
468,725998736,35.581426,136.636405,15108.77,58626226
469,726197703,35.581583,136.636538,15129.97,58626226
470,726316176,35.581859,136.636703,15164.09,58626226
471,726309049,35.58209,136.636878,15194.26,58626226
472,726460707,35.582239,136.637011,15214.74,58626226
473,726012357,35.582265,136.637037,15218.46,58633303
474,726247493,35.582429,136.637199,15241.85,58633303
475,726233914,35.582637,136.637397,15271.1,58633303
476,726342472,35.582757,136.637548,15290.2,58633303
477,726027531,35.582898,136.637801,15317.93,58633303
478,726117314,35.582995,136.637934,15334.09,58633303
479,726042360,35.583084,136.637989,15345.16,58633303
480,726132215,35.583087,136.63799,15345.51,58633303
481,726384788,35.583182,136.638021,15356.44,58633303
482,725950211,35.583185,136.638022,15356.78,58633303
483,725942061,35.583327,136.63804,15372.66,58633303
484,726033881,35.583407,136.638036,15381.56,58633303
485,726255228,35.583517,136.638031,15393.8,58633303
486,726369125,35.583774,136.638049,15422.42,58633303
487,726271620,35.583787,136.638053,15423.91,58633303
488,726398004,35.584072,136.638132,15456.4,58633303
489,726055535,35.584178,136.638149,15468.29,58633303
490,726148771,35.584419,136.638187,15495.3,58633303
491,726139871,35.584829,136.638216,15540.97,58633303
492,726262284,35.584866,136.638219,15545.09,58633303
493,725957393,35.585399,136.638182,15604.45,58633303
494,726049314,35.585592,136.63815,15626.11,58633303
495,725970120,35.585608,136.638138,15628.19,58633303
496,726062271,35.585693,136.638067,15639.62,58633303
497,726289200,35.585849,136.637888,15663.34,58633303
498,726426533,35.58602,136.637728,15687.24,58633303
499,726411590,35.586114,136.63764,15700.37,58633303
500,725963841,35.586256,136.637447,15723.91,58633303
501,726158476,35.58633,136.637291,15740.24,58633303
502,726279305,35.586338,136.637121,15755.64,58633303
503,725988194,35.586308,136.636961,15770.49,58633303
504,726078355,35.586207,136.636786,15789.89,58633303
505,726305414,35.586066,136.636588,15813.69,58633303
506,726453870,35.58603,136.636555,15818.68,58633303
507,726442943,35.585838,136.636372,15845.7,58633303
508,725981396,35.585669,136.636211,15869.47,58633303
509,726179399,35.585536,136.636083,15888.25,58633303
510,726298878,35.585183,136.635775,15936.38,58633303
511,726192338,35.584821,136.635468,15985.28,58633303
512,726312075,35.584609,136.635312,16012.75,58633303
513,726001498,35.584534,136.635256,16022.5,58633303
514,726090895,35.58449,136.635229,16027.97,58633303
515,726084546,35.584277,136.635096,16054.54,58633303
516,726185675,35.584001,136.634926,16088.86,58633303
517,726465650,35.583834,136.634792,16111.03,58633303
518,725994965,35.583644,136.634613,16137.65,58633303
519,726498430,35.583412,136.634388,16170.51,58633303
520,726007846,35.583137,136.634126,16209.19,58633303
521,726212872,35.582887,136.633888,16244.35,58633303
522,726326904,35.582863,136.633869,16247.52,58633303
523,726319776,35.582482,136.633566,16297.97,58633303
524,726482729,35.582477,136.633562,16298.64,58633303
525,726097333,35.582261,136.633364,16328.6,58633303
526,726202535,35.582119,136.633208,16349.77,58633303
527,726110918,35.582008,136.633022,16370.63,58633303
528,726222489,35.581952,136.632928,16381.17,58633303
529,725928885,35.581855,136.632684,16405.73,58633303
530,726021230,35.58178,136.632464,16427.3,58633303
531,726014738,35.581717,136.63217,16454.8,58633303
532,726104427,35.581609,136.631403,16525.19,58633303
533,726333057,35.581576,136.630879,16572.72,58633303
534,725922244,35.581572,136.63053,16604.29,58633303
535,726024694,35.581583,136.630305,16624.67,58633303
536,726114220,35.581611,136.630115,16642.13,58633303
537,726349833,35.581616,136.630076,16645.7,58633303
538,725932306,35.581664,136.629836,16668.05,58633303
539,725925917,35.58168,136.629759,16675.24,58633303
540,726018270,35.581747,136.629515,16698.53,58633303
541,726229471,35.581799,136.629322,16716.92,58633303
542,726336728,35.581829,136.629019,16744.52,58633303
543,726251162,35.581836,136.628808,16763.62,58633303
544,726362273,35.581945,136.62849,16794.82,58633303
545,726038323,35.581948,136.628482,16795.62,58633303
546,726128891,35.582037,136.628266,16817.52,58633303
547,726121558,35.582062,136.628182,16825.61,58633303
548,726241015,35.582119,136.627995,16843.67,58633303
549,725938713,35.58216,136.627751,16866.2,58633303
550,726030695,35.58219,136.627499,16889.23,58633303
551,725953924,35.582231,136.627154,16920.76,58633303
552,726046115,35.582249,136.627084,16927.4,58633303
553,726266107,35.582309,136.626842,16950.28,58633303
554,726391866,35.582378,136.626697,16965.47,58633303
555,726377699,35.58244,136.626566,16979.18,58633303
556,725946746,35.582619,136.62636,17006.44,58633303
557,726136731,35.582738,136.626121,17031.78,58633303
558,726258878,35.582814,136.62601,17044.91,58633303
559,726153606,35.583062,136.625647,17087.78,58633303
560,726275627,35.583271,136.625391,17120.58,58633303
561,725967190,35.583303,136.625356,17125.34,58633303
562,726059205,35.583382,136.625271,17137.02,58633303
563,726052654,35.583472,136.625193,17149.26,58633303
564,726143954,35.583617,136.625097,17167.57,58633303
565,726405067,35.583792,136.625032,17187.9,58633303
566,725960779,35.58393,136.625,17203.51,58633303
567,726176605,35.583938,136.624999,17204.41,58633303
568,726295975,35.584003,136.624985,17211.75,58633303
569,725985214,35.584038,136.624977,17215.7,58633303
570,726075477,35.584084,136.62499,17220.95,58633303
571,726068399,35.584102,136.624995,17223.0,58633303
572,726167259,35.584154,136.625009,17228.92,58633303
573,726438275,35.584247,136.625069,17240.6,58633303
574,725978506,35.584396,136.625174,17259.7,58633303
575,726460401,35.584534,136.625321,17280.0,58633303
576,725991842,35.584813,136.625597,17319.82,58633303
577,726189346,35.584966,136.625818,17346.06,58633303
578,726308873,35.585178,136.626098,17380.66,58633303
579,726302318,35.585195,136.626123,17383.6,58633303
580,726448746,35.585409,136.626451,17421.63,58633303
581,726081756,35.585689,136.626805,17466.29,58633303
582,726182684,35.585842,136.626961,17488.39,58633303
583,726094176,35.586009,136.627131,17512.49,58633303
584,726197473,35.586106,136.627296,17530.91,58633303
585,726491487,35.586136,136.627457,17545.84,58633303
586,726004811,35.586188,136.627659,17565.0,58633303
587,725998564,35.586241,136.627797,17578.8,58633303
588,726087820,35.586319,136.627939,17594.3,58633303
589,726315929,35.586386,136.628036,17605.81,58633303
590,726473648,35.586412,136.628054,17609.12,58633303
591,726330190,35.586505,136.628119,17621.02,58633303
592,725919350,35.586707,136.6284,17654.93,58633303
593,726107606,35.586764,136.628549,17669.82,58633303
594,726219097,35.586812,136.628708,17685.16,58633303
595,726208884,35.586893,136.629096,17721.38,58633303
596,726324007,35.587014,136.629345,17747.61,58633303
597,726011685,35.587111,136.629464,17762.85,58633303
598,726101080,35.587224,136.629534,17776.92,58633303
599,725949799,35.587393,136.629554,17795.8,58633303
600,726042004,35.587497,136.629539,17807.44,58633303
601,726261878,35.587538,136.629534,17812.02,58633303
602,726383831,35.58759,136.629497,17818.7,58633303
603,726368448,35.587676,136.629434,17829.83,58633303
604,725941528,35.587837,136.629255,17853.97,58633303
605,726131828,35.588055,136.629006,17887.05,58633303
606,726254842,35.588214,136.628823,17911.27,58633303
607,726148363,35.588322,136.628698,17927.76,58633303
608,726271137,35.588645,136.62818,17986.79,58633303
609,725963406,35.58925,136.627295,18091.33,58633303
610,726055166,35.589524,136.626927,18136.45,58633303
611,726048937,35.589815,136.626568,18182.29,58633303
612,726139468,35.589969,136.626389,18205.85,58633303
613,726397094,35.590114,136.62621,18228.69,58633303
614,725956796,35.590171,136.626021,18246.92,58633303
615,726425783,35.590308,136.625623,18286.0,58633303
616,725969744,35.590459,136.62527,18322.07,58633303
617,726166779,35.590461,136.625265,18322.57,58633303
618,726288716,35.590463,136.625261,18323.0,58633303
619,726278672,35.590671,136.624886,18364.04,58633303
620,726410546,35.590808,136.624708,18386.2,58633303
621,726061854,35.590839,136.62468,18390.48,58633303
622,726158021,35.590921,136.624608,18401.68,58633303
623,726074974,35.591099,136.624558,18421.99,58633303
624,726179301,35.591209,136.624558,18434.22,58631424
625,726453676,35.59122,136.624558,18435.44,58631424
626,725988096,35.591397,136.624628,18456.12,58631424
627,726482312,35.591493,136.624724,18469.87,58631424
628,726001405,35.591527,136.624759,18474.81,58631424
629,726202435,35.591624,136.624857,18488.76,58631424
630,726319654,35.591793,136.625165,18522.36,58631424
631,726311972,35.591806,136.625206,18526.34,58631424
632,726465458,35.591882,136.625434,18548.62,58631424
633,726090797,35.591939,136.625653,18569.41,58631424
634,726192240,35.591931,136.625832,18585.62,58631424
635,726323907,35.59189,136.626131,18613.04,58631424
636,726491186,35.591817,136.626568,18653.38,58631424
637,726100982,35.591777,136.626887,18682.57,58631424
638,726208648,35.591801,136.627165,18707.85,58631424
639,726197373,35.591804,136.62718,18709.24,58631424
640,726315811,35.59185,136.627404,18730.13,58631424
641,726004713,35.591922,136.627673,18755.74,58631424
642,726094077,35.592003,136.627852,18774.26,58631424
643,726018145,35.592132,136.627991,18793.33,58631424
644,726107505,35.592245,136.628061,18807.4,58631424
645,726336545,35.592399,136.628071,18824.55,58631424
646,725925802,35.592536,136.628051,18839.89,58631424
647,725919250,35.592681,136.628031,18856.12,58631424
648,725961492,35.592802,136.627942,18871.79,58629751
649,726053425,35.592891,136.627822,18886.48,58629751
650,726276459,35.592931,136.627663,18901.53,58629751
651,726406696,35.59298,136.627544,18913.59,58629751
652,725971163,35.593077,136.627494,18925.28,58629751
653,726063317,35.59323,136.627514,18942.39,58629751
654,726290343,35.593537,136.627464,18976.83,58629751
655,726428664,35.59382,136.627424,19008.5,58629751
656,726414450,35.594207,136.627454,19051.62,58629751
657,725964886,35.594546,136.627553,19090.37,58629751
658,726159902,35.595079,136.627653,19150.32,58629751
659,726280967,35.595297,136.627772,19176.84,58629751
660,726177636,35.595636,136.628001,19219.85,58629751
661,725922621,35.595866,136.628139,19248.3,58622885
662,726015120,35.595935,136.62818,19256.82,58622885
663,725935823,35.596161,136.62827,19283.24,58622885
664,726027892,35.596524,136.62824,19323.69,58622885
665,726247839,35.596896,136.628111,19366.67,58622885
666,726356455,35.598349,136.627444,19539.13,58622885
667,726343035,35.598664,136.627304,19576.37,58622885
668,725929225,35.598809,136.627314,19592.52,58622885
669,726117650,35.598994,136.627384,19614.04,58622885
670,726234703,35.599253,136.627762,19658.73,58622885
671,726132679,35.599592,136.62816,19710.85,58622885
672,726255650,35.600044,136.628449,19767.49,58622885
673,725950562,35.600415,136.628528,19809.36,58622885
674,726042703,35.600771,136.628548,19848.99,58622885
675,726034223,35.601312,136.628449,19909.81,58622885
676,726001201,35.601459,136.628392,19926.95,58630278
677,726091409,35.602476,136.627997,20045.54,58637466
678,726085092,35.603031,136.627782,20110.24,58637466
679,726186191,35.603343,136.627665,20146.51,58637466
680,726467140,35.603911,136.627453,20212.51,58637466
681,726109780,35.605113,136.627183,20348.38,58636275
682,726221203,35.605373,136.627125,20377.76,58636275
683,725927838,35.605699,136.627064,20414.43,58636275
684,726020064,35.6066,136.626896,20515.76,58636275
685,725940777,35.606746,136.626843,20532.68,58636275
686,726032537,35.607068,136.626727,20569.99,58636275
687,726253893,35.607561,136.626597,20626.06,58636275
688,726367070,35.608214,136.626568,20698.72,58636275
689,726353250,35.608893,136.626428,20775.27,58636275
690,725934215,35.609337,136.626399,20824.71,58636275
691,726123547,35.609619,136.626269,20858.2,58636275
692,726245587,35.610378,136.62601,20945.78,58636275
693,726138646,35.611081,136.625672,21029.71,58636275
694,726272695,35.611281,136.625494,21057.16,58628577
695,725982429,35.611282,136.625493,21057.31,58628577
696,726072587,35.611524,136.625214,21094.19,58628577
697,726299783,35.611734,136.624946,21127.84,58628577
698,726045728,35.611822,136.624738,21149.03,58635562
699,726240356,35.611953,136.624428,21180.62,58635562
700,726348816,35.612082,136.624099,21213.64,58635562
701,726258473,35.612171,136.623851,21238.14,58635562
702,726376466,35.612259,136.623612,21261.86,58635562
703,726335721,35.612261,136.623609,21262.21,58629543
704,726023664,35.612518,136.623244,21305.86,58629543
705,726113323,35.613034,136.622447,21397.96,58629543
706,726036456,35.61336,136.62206,21448.34,58629543
707,726127638,35.61362,136.621971,21478.35,58629543
708,726375562,35.614057,136.621956,21526.96,58629543
709,725945693,35.61493,136.621986,21624.07,58629543
710,726147077,35.615328,136.621986,21668.33,58623426
711,726268690,35.615475,136.621986,21684.67,58623426
712,725962166,35.615778,136.62206,21719.02,58623426
713,726054076,35.616611,136.622268,21813.54,58623426
714,725976837,35.616797,136.622417,21838.22,58623426
715,726066879,35.617329,136.622816,21907.5,58623426
716,726294184,35.617725,136.622975,21953.82,58623426
717,726435722,35.617959,136.622975,21979.84,58623426
718,726422932,35.618331,136.622975,22021.21,58623426
719,725968654,35.618605,136.622955,22051.73,58623426
720,726165200,35.619089,136.622885,22105.92,58623426
721,726184814,35.6195891,136.6228437,22161.65,58634394
722,726310861,35.619792,136.622726,22186.6,58634394
723,726304372,35.620139,136.622577,22227.46,58634394
724,726452093,35.620567,136.622378,22278.34,58634394
725,726083663,35.620954,136.622248,22322.95,58634394
726,726102146,35.6214598,136.6223314,22379.69,58638399
727,726210206,35.621946,136.6223073,22433.8,58638399
728,725920431,35.6224082,136.6221732,22486.61,58638399
729,726012867,35.6228138,136.621905,22537.81,58638399
730,726248775,35.6230732,136.6216582,22574.27,58638399
731,726357750,35.6233152,136.6213524,22612.85,58638399
732,726034930,35.623457,136.6210252,22646.36,58638399
733,726057499,35.6236303,136.6206256,22687.3,58625970
734,726282146,35.6237415,136.6203761,22713.02,58625970
735,726416669,35.6239344,136.6201548,22742.35,58625970
736,726297922,35.6241067,136.6197672,22782.28,58625970
737,726441477,35.624315,136.619152,22842.51,58625970
738,726077412,35.624674,136.617886,22963.7,58625970
739,726178447,35.6249588,136.6171684,23035.88,58625970
740,726173425,35.6251968,136.6165593,23096.97,58630252
741,726292952,35.625549,136.615991,23161.56,58630252
742,725982156,35.625768,136.6154998,23212.2,58630252
743,726072314,35.6261648,136.6151243,23267.86,58630252
744,726065664,35.6266139,136.6148776,23322.55,58630252
745,726163135,35.6271241,136.6147166,23381.12,58630252
746,726433153,35.6276473,136.6146898,23439.35,58630252
747,726407619,35.6280565,136.6148565,23487.28,58630252
748,12161000435,35.6286284,136.6148776,23550.9,58630252
749,12161000436,35.6296225,136.6151833,23664.84,58630252
750,725975646,35.630137,136.6151136,23722.39,58625552
751,725975968,35.63078,136.615349,23796.99,58625552
752,726173799,35.631424,136.615701,23875.35,58625552
753,726293203,35.631824,136.615922,23924.1,58625552
754,726186521,35.632281,136.616294,23985.04,58625552
755,726306367,35.6324742,136.6163795,24007.87,58625552
756,725995791,35.6326052,136.6163332,24023.02,58625552
757,726085412,35.6330027,136.6156089,24102.01,58625552
758,726300586,35.6335971,136.6141363,24250.6,
