sequence,osm_way_id,tunnel_name,entry_latitude,entry_longitude,exit_latitude,exit_longitude,geometry_length_m,entry_distance_from_motosu_m,exit_distance_from_motosu_m,entry_node_id,exit_node_id,osm_url
1,375457112,,35.5056324,136.6624405,35.5065658,136.661261,149.43,2180.74,2330.17,270865446,270865428,https://www.openstreetmap.org/way/375457112
2,375457113,,35.511695,136.6557653,35.513184,136.6536542,259.51,3179.99,3439.5,270865395,270865384,https://www.openstreetmap.org/way/375457113
3,375626668,,35.5722595,136.6369166,35.5757402,136.6348146,431.55,10976.19,11407.74,270865713,3789801010,https://www.openstreetmap.org/way/375626668
4,375627269,,35.5804287,136.6323598,35.5813494,136.6319158,109.97,11974.83,12084.8,270865735,270865689,https://www.openstreetmap.org/way/375627269
5,375628398,,35.5826826,136.6313455,35.5873377,136.6301768,530.48,12241.77,12772.25,270866019,270866086,https://www.openstreetmap.org/way/375628398
6,375628399,,35.5921696,136.6273583,35.6004971,136.6257422,938.46,13368.85,14307.31,270866057,270865874,https://www.openstreetmap.org/way/375628399
7,375631094,,35.605456,136.626112,35.610206,136.623998,570.21,14860.33,15430.54,270865614,270865599,https://www.openstreetmap.org/way/375631094
8,375631096,,35.612125,136.62206,35.6132732,136.6212926,145.78,15706.69,15852.47,270865632,270865628,https://www.openstreetmap.org/way/375631096
9,375632201,,35.6267056,136.6200434,35.6339393,136.6168485,865.49,17355.8,18221.28,270866003,270865827,https://www.openstreetmap.org/way/375632201
